0.23506815365551,0.09913258983891,0.39504337050805,0.27075588599752
a,0.068968042965172,0.63225914575486,0.13410963593051,0.16466317534946
aana,1,0.0005,0.0005,0.0005
abl,0.72016462784452,0.0005,0.071421596561117,0.20841377559436
about,0.53538377469028,0.0005,0.41297000000652,0.051646225303202
abov,0.059016142210955,0.45481158845761,0.44774425270414,0.038428016627293
absolut,0.0005,0.0005,0.95765874649702,0.042341253502982
ac,0.045512036877005,0.75544292211219,0.054163321176712,0.14488171983409
access,0.0005,0.0005,0.091562811669754,0.90843718833025
account,0.020239093352504,0.41593023430508,0.092330811591709,0.4714998607507
across,0.0005,0.0005,0.8275171779473,0.1724828220527
activ,0.011794571077516,0.0005,0.5018075738345,0.48639785508799
acttv,0.0005,0.80380134886573,0.0005,0.19619865113427
actual,1,0.0005,0.0005,0.0005
ad,0.0054824163793369,0.76701061053066,0.022835949529867,0.20467102356013
add,0.03953660717984,0.37500471910078,0.070578052528378,0.514880621191
addit,0.0005,0.0005,1,0.0005
afrona,0.0005,0.9562363238512,0.0005,0.043763676148796
after,0.56275166321636,0.086091927832374,0.16202997709983,0.18912643185144
again,0.58407548311427,0.0005,0.19860032110912,0.21732419577661
against,0.0005,0.31661609759926,0.026483989761544,0.6568999126392
aircel,0.0005,0.0005,0.925019991533,0.074980008467002
airtel,0.01648743016236,0.24239407638947,0.40616484245453,0.33495365099364
airtelmonei,0.0005,0.54830614805521,0.0005,0.45169385194479
alert,0.0005,0.0005,0.55586514349401,0.44413485650599
alisha,1,0.0005,0.0005,0.0005
all,0.27483148384069,0.0005,0.66009400088836,0.065074515270953
allloc,0.0005,0.0005,1,0.0005
allow,0.059084258123561,0.0005,0.017578864124905,0.92333687775153
almost,0.8988306544423,0.0005,0.041141823942598,0.060027521615104
alreadi,0.57953388126154,0.0005,0.043106013674449,0.37736010506401
alright,1,0.0005,0.0005,0.0005
also,0.30198833087021,0.15344782062342,0.28237992921082,0.26218391929555
am,0.31517889397676,0.0005,0.24462428203886,0.44019682398438
amazon,0.0005,0.0005,0.014680883943749,0.98531911605625
amount,0.067371505956089,0.15975468349838,0.100222511605,0.67265129894053
amzn,0.0005,0.0005,0.0005,1
an,0.15585208666494,0.33876723879555,0.20093414414701,0.3044465303925
and,0.30348911935339,0.013707591890795,0.45319328271322,0.2296100060426
ani,0.08024224328627,0.063424806464189,0.46156069948845,0.39477225076109
anyon,0.0094537517959863,0.0005,0.0056253974770972,0.98492085072692
anytim,0.6487631200326,0.0005,0.25736169776283,0.093875182204565
anywai,1,0.0005,0.0005,0.0005
app,0.0005,0.027953176188663,0.49102191548468,0.48102490832666
appli,0.098221658164335,0.099817760109505,0.66795657120539,0.13400401052077
ar,0.50050004393639,0.19547470833621,0.1506616321645,0.1533636155629
arriv,0.0005,0.0005,0.12055172413793,0.87944827586207
arunodaya,0.0005,1,0.0005,0.0005
as,0.037386656919179,0.85002688034089,0.020938073119989,0.091648389619941
ask,0.64993602369253,0.0005,0.027624319702114,0.32243965660536
at,0.062719039064604,0.44926595000795,0.16016750002447,0.32784751090298
atm,0.0005,0.84700276506621,0.096612611505213,0.05638462342858
attend,0.95778346500501,0.0005,0.042216534994993,0.0005
auto,0.020724242326503,0.58970831540065,0.20964118280659,0.17992625946626
avail,0.0005,0.27657590910426,0.30916435601937,0.41425973487637
avbl,0.0005,1,0.0005,0.0005
avl,0.0005,1,0.0005,0.0005
avoid,0.0005,0.17361938816051,0.0005,0.82638061183949
awesom,0.6721580283205,0.0005,0.13332118148515,0.19452079019435
aww,1,0.0005,0.0005,0.0005
awww,1,0.0005,0.0005,0.0005
ax,0.0005,1,0.0005,0.0005
b,0.063307520604271,0.037529489558219,0.55564363461353,0.34351935522398
back,0.48053518540814,0.092389383113436,0.2241147729226,0.20296065855583
bad,0.909774078478,0.0005,0.090225921521998,0.0005
bag,0.77069986703735,0.0005,0.22930013296265,0.0005
bal,0.0005,0.94802218588587,0.0041016838397693,0.047876130274359
balanc,0.010393397895894,0.85847950916221,0.028861131463733,0.10226596147816
bangalor,0.1174161936488,0.43752209158386,0.29943339220978,0.14562832255756
bank,0.04400602164012,0.50087653830784,0.15711309231739,0.29800434773464
batteri,1,0.0005,0.0005,0.0005
bazaar,0.0005,0.34313432183922,0.028702159919634,0.62816351824114
be,0.20845122653849,0.077535681714415,0.114309191988,0.59970389975909
been,0.042706024555769,0.28692220539563,0.033882613376116,0.63648915667249
befor,0.32459942857885,0.0005,0.30904146349515,0.366359107926
benefit,0.0005,0.0005,0.63799759919541,0.36200240080459
bengaluru,0.0005,0.0005,0.40666294435139,0.59333705564861
best,0.024060152657171,0.0005,0.95922877746982,0.016711069873008
bethani,0.0005,1,0.0005,0.0005
bewar,0.0005,0.0005,0.026683763815107,0.97331623618489
bhai,1,0.0005,0.0005,0.0005
big,0.046266958594271,0.21942105113333,0.41296308243412,0.32134890783828
bil,0.0005,1,0.0005,0.0005
bill,0.0005,0.55857527532713,0.063076254428409,0.37834847024446
billdesk,0.0005,1,0.0005,0.0005
biller,0.0005,0.84526112185687,0.0005,0.15473887814313
biryani,0.0005,0.0005,1,0.0005
bit,0.0083710848136676,0.13894954405087,0.70732515702538,0.14535421411009
block,0.20998846745259,0.0005,0.0005,0.79001153254741
blood,1,0.0005,0.0005,0.0005
board,0.30935862947756,0.0005,0.0005,0.69064137052244
boi,0.022858389270785,0.75884137781687,0.0005,0.21830023291234
book,0.069645197892966,0.25951541864866,0.42033979067081,0.25049959278756
both,0.909774078478,0.0005,0.090225921521998,0.0005
box,0.0005,0.0005,0.89493952761392,0.10506047238608
break,1,0.0005,0.0005,0.0005
bro,1,0.0005,0.0005,0.0005
brows,0.0005,0.0005,0.0005,1
bsnl,0.0005,0.39013093265856,0.53844921696916,0.071419850372277
btw,1,0.0005,0.0005,0.0005
bu,0.5752502121746,0.0005,0.078992108809132,0.34575767901626
bui,0.03369346420254,0.0005,0.57139908888902,0.39490744690844
bumper,0.0005,0.0005,1,0.0005
bunk,1,0.0005,0.0005,0.0005
busi,0.59815366946182,0.20262455553019,0.050846814436685,0.14837496057131
but,0.94026827322726,0.0005,0.0005,0.059731726772744
by,0.070010950447436,0.37629719016323,0.14441991208567,0.40927194730366
c,0.011623161785229,0.76482947113445,0.164261927629,0.059285439451327
call,0.18880663601218,0.0088654997157205,0.33815707824078,0.46417078603132
came,1,0.0005,0.0005,0.0005
can,0.50377431037024,0.0005,0.12133460099727,0.3748910886325
cancel,0.0005,0.0005,0.0005,1
cant,0.74922518764413,0.0005,0.25077481235587,0.0005
card,0.0017976081273953,0.85677823268932,0.035298640647138,0.10612551853615
cash,0.018044519567251,0.2995164691669,0.32211844685453,0.36032056441131
cashback,0.006264625034582,0.40108478705782,0.39141133548093,0.20123925242667
cashless,0.0005,0.28034714882855,0.66833071866279,0.051322132508659
caus,0.97110742190475,0.0005,0.028892578095253,0.0005
cb,0.0005,0.0005,0.93503555926884,0.064964440731156
cf,0.0005,1,0.0005,0.0005
chanc,0.0005,0.0005,0.925019991533,0.074980008467002
charg,0.071525253646146,0.11306950513895,0.2979246684966,0.5174805727183
chat,0.0078877623789599,0.0005,0.97156795583676,0.020544281784284
check,0.094392819778249,0.24248138839077,0.19190689941167,0.47121889241931
chequ,0.0005,1,0.0005,0.0005
choic,0.0005,0.95221027479092,0.04778972520908,0.0005
choos,0.0005,0.0005,0.10251958898325,0.89748041101675
chuck,1,0.0005,0.0005,0.0005
cl,0.8012467913458,0.0005,0.0005,0.1987532086542
class,0.81952081969416,0.0005,0.029554598588643,0.1509245817172
clear,0.076023820638154,0.90135742344112,0.022618755920731,0.0005
click,0.0076041521084792,0.14425076549785,0.59727418587567,0.250870896518
clr,0.0005,0.9317697228145,0.0005,0.068230277185501
cm,0.909774078478,0.0005,0.090225921521998,0.0005
code,0.022248563602485,0.06330828773087,0.52425934632841,0.39018380233824
colleg,0.67097233069023,0.0005,0.015356077011381,0.31367159229838
com,0.077679227252082,0.24559582349533,0.24960177795636,0.42712317129623
combo,0.0005,0.0005,1,0.0005
come,0.95962492132652,0.0005,0.040375078673481,0.0005
complet,0.035575860006418,0.0005,0.25403038807594,0.71039375191764
confidenti,0.0005,0.0005,0.0005,1
confirm,0.1149812966279,0.13632469981445,0.0005,0.74869400355764
contact,0.023051941540285,0.32797149826441,0.068584587675535,0.58039197251977
continu,0.0005,0.0005,0.0005,1
cool,0.87121406159161,0.0005,0.099694351102649,0.029091587305743
cpn,0.0005,0.0005,1,0.0005
credit,0.01187644997265,0.70405079994116,0.14487369032666,0.13919905975953
cricket,0.0005,0.0005,1,0.0005
cube,0.1232475735634,0.8767524264366,0.0005,0.0005
current,0.0027596613169337,0.96848934087131,0.0005,0.028750997811753
custom,0.020436915950588,0.30691990066961,0.15809121212593,0.51455197125388
d,0.044437532158823,0.026343124532902,0.88581648366597,0.04340285964231
da,0.0005,0.0005,0.0005,1
dai,0.017616059064456,0.0092826844570204,0.88983324029656,0.083268016181967
data,0.026892021356259,0.0005,0.53339778871627,0.43971018992747
date,0.10064066928321,0.2386441870378,0.019961872608766,0.64075327107022
deal,0.0005,0.0005,0.54346269511671,0.45653730488329
dear,0.031284347635352,0.11657330037623,0.08775907180143,0.76438328018699
debit,0.0005,0.87666476465217,0.030227792703055,0.093107442644771
dec,0.018737943340745,0.17772939258697,0.23414788232913,0.56938478174315
delici,0.0005,0.0005,1,0.0005
deliv,0.0005,0.0005,0.041914176646994,0.95808582335301
deliveri,0.0005,0.0005,0.13656534511136,0.86343465488864
deposit,0.0005,0.79210417988588,0.17889429407711,0.029001526037012
detail,0.04332958695689,0.034248427690508,0.25783007044297,0.66459191490963
dial,0.00885092476807,0.0005,0.71451413049004,0.27663494474189
did,0.80505536512768,0.0005,0.112716069647,0.082228565225318
didnt,1,0.0005,0.0005,0.0005
discount,0.0005,0.33306811998481,0.60595831113925,0.060973568875938
dl,0.20628083828985,0.65219125039308,0.081830771692984,0.059697139624081
do,0.23715681318978,0.0005,0.045522167262418,0.7173210195478
domino,0.04302736061371,0.0005,0.84490458023177,0.11206805915452
donald,0.0005,1,0.0005,0.0005
done,0.27675213112908,0.39374909456391,0.041169917875774,0.28832885643124
dont,0.52906143800708,0.0005,0.042929289433362,0.42800927255956
doorstep,0.0005,0.0005,1,0.0005
doubl,0.0005,0.0005,1,0.0005
down,0.70838787427827,0.0005,0.16860875752897,0.12300336819276
download,0.0005,0.12039320702306,0.64451403174199,0.23509276123495
dr,0.0005,0.75316206146152,0.062999754200044,0.18383818433843
draw,0.0005,0.0005,0.092178535268309,0.90782146473169
driver,0.015455967825295,0.0005,0.018393959199864,0.96615007297484
drop,0.93798424270162,0.0005,0.062015757298375,0.0005
dude,1,0.0005,0.0005,0.0005
due,0.10430355307499,0.18549735017179,0.031032597268389,0.67916649948483
e,0.094569965671162,0.37374838516291,0.093788804306877,0.43789284485906
eat,0.5189871409145,0.17580689398479,0.17646865142764,0.12873731367307
electr,0.0005,0.6094839609484,0.0005,0.3905160390516
electron,0.0005,0.57500411359125,0.1442921238623,0.28070376254645
elig,0.028741790265531,0.95415558233995,0.017102627394514,0.0005
email,0.093361421989491,0.0005,0.055554146020723,0.85108443198979
emerg,0.0005,0.34697431432303,0.65302568567697,0.0005
emh,0.0005,1,0.0005,0.0005
empir,0.0005,1,0.0005,0.0005
end,0.0097441018464979,0.68161819435349,0.04638534806225,0.26225235573776
enjoi,0.0080702106715724,0.038272974109932,0.88359187405615,0.070064941162347
enter,0.040914538236836,0.0005,0.0005,0.95908546176316
eod,0.0005,1,0.0005,0.0005
even,0.87050310601406,0.0005,0.12949689398594,0.0005
everi,0.070039758152754,0.24912266477958,0.43760568468181,0.24323189238586
excit,0.0005,0.78244508895174,0.1501481460827,0.067406764965556
exclus,0.0005,0.0005,1,0.0005
expect,0.081390151232958,0.0005,0.0005,0.91860984876704
experi,0.042559851053755,0.20184009362243,0.60779952910143,0.14780052622238
expir,0.0005,0.0005,0.06841023179119,0.93158976820881
extra,0.0005,0.0005,0.93727002617028,0.062729973829716
facebook,0.0005,0.0005,0.13656534511136,0.86343465488864
failur,0.0005,1,0.0005,0.0005
fast,0.79084895259096,0.0005,0.20915104740904,0.0005
fc,0.0005,0.68975995278669,0.057696357405829,0.25254368980748
feb,0.0005,0.64773249272371,0.16254265814899,0.18972484912731
feel,0.84363769496145,0.0005,0.079263391039186,0.077098913999367
fill,0.0005,0.88851727982163,0.11148272017837,0.0005
fine,0.95922972769671,0.0005,0.040770272303295,0.0005
first,0.23585951665038,0.30115178092311,0.22671401324199,0.23627468918453
flat,0.13216238261427,0.13928446656627,0.69030570004611,0.038247450773345
floor,1,0.0005,0.0005,0.0005
food,0.10462146248734,0.56704832668141,0.30237834233325,0.025951868498005
foodpanda,0.0005,0.38723058569688,0.51825088842745,0.094518525875669
for,0.044835330589047,0.47658796881745,0.23428446943765,0.24429223115585
frch,0.0005,0.71024935304702,0.02970511723325,0.26004552971973
free,0.049312202112816,0.019488593210002,0.78492326479433,0.14627593988286
freecharg,0.0005,0.43936696338087,0.21092298716664,0.34971004945249
freshmenu,0.0005,0.26438761678501,0.15480663467127,0.58080574854372
friend,0.063123118072413,0.0005,0.52585438198468,0.41102249994291
from,0.066165659853684,0.34231706384301,0.17896124207602,0.41255603422728
full,0.021855439385593,0.0005,0.84532150358864,0.13282305702576
fun,0.93076895003832,0.0005,0.06923104996168,0.0005
fund,0.0005,0.95221027479092,0.04778972520908,0.0005
futur,0.0005,0.0005,0.0005,1
g,0.0082833186279437,0.0005,0.76398544315163,0.22773123822042
gb,0.004828812326615,0.0005,0.92809379099722,0.067077396676164
get,0.066395762629205,0.044406422396911,0.79016789026099,0.099029924712895
give,0.13087076745339,0.0005,0.4828178934524,0.38631133909421
gl,0.0094902518721737,0.11251879875946,0.67200687841283,0.20598407095553
go,0.7697919495028,0.0005,0.15040776615924,0.079800284337952
gone,0.024206481285364,0.97579351871464,0.0005,0.0005
gonna,1,0.0005,0.0005,0.0005
goo,0.0005,0.070999467470188,0.80768946682941,0.1213110657004
good,0.6797355333468,0.0005,0.20223624635491,0.1180282202983
goodbox,0.0005,0.72652689152233,0.27347310847767,0.0005
got,0.88482588143458,0.0005,0.11517411856542,0.0005
gr,0.081390151232958,0.0005,0.0005,0.91860984876704
grab,0.0005,0.0005,1,0.0005
grtp,0.0005,0.0005,0.0005,1
guess,0.909774078478,0.0005,0.090225921521998,0.0005
gui,1,0.0005,0.0005,0.0005
gurgaon,0.0005,1,0.0005,0.0005
h,0.37542509074529,0.0005,0.44678883133239,0.17778607792232
ha,0.04467288059158,0.39483211747401,0.038665201086907,0.5218298008475
had,1,0.0005,0.0005,0.0005
haha,1,0.0005,0.0005,0.0005
hai,0.84537677031572,0.0005,0.06287953784853,0.091743691835751
happen,0.88321122945269,0.0005,0.11678877054731,0.0005
happi,0.37243552710858,0.0005,0.33825522770957,0.28930924518185
have,0.13714583729624,0.27722569619365,0.025418821675897,0.56020964483421
havent,0.909774078478,0.0005,0.090225921521998,0.0005
hdfc,0.0005,0.88976745913541,0.060113620441539,0.050118920423047
he,1,0.0005,0.0005,0.0005
hei,0.89104580690609,0.0005,0.036991491983766,0.071962701110142
her,0.83037131424228,0.0005,0.0005,0.16962868575772
here,0.37325992331065,0.0005,0.3654002691599,0.26133980752945
hi,0.33976387375939,0.11999267233114,0.094634837472133,0.44560861643733
hike,0.75015310994376,0.0005,0.06376772045005,0.18607916960619
him,1,0.0005,0.0005,0.0005
hmm,1,0.0005,0.0005,0.0005
ho,0.62764442958678,0.29766037073153,0.074695199681689,0.0005
home,0.63682033315688,0.0005,0.29575497677231,0.067424690070805
hour,0.17417294730462,0.27533840086406,0.26485918945518,0.28562946237614
how,0.79837648387987,0.0005,0.17595150679866,0.02567200932147
hp,0.077630452952337,0.0005,0.046193528623144,0.87617601842452
hr,0.047013308800781,0.0005,0.76931204104917,0.18367465015005
http,0.014086204671846,0.2338133897968,0.39394978743322,0.35815061809813
hun,1,0.0005,0.0005,0.0005
hurri,0.0005,0.0005,0.98369042503121,0.016309574968793
i,0.74204021408106,0.0005,0.23793180020222,0.020027985716723
icicidirect,0.0005,0.85668219276245,0.14331780723755,0.0005
id,0.070961248915475,0.39262267681191,0.0281500395635,0.50826603470911
idea,0.025782971754382,0.0005,0.97421702824562,0.0005
if,0.35911997764573,0.29619591199737,0.046454816812636,0.29822929354426
ignor,0.0005,0.31661609759926,0.026483989761544,0.6568999126392
ikr,1,0.0005,0.0005,0.0005
ill,1,0.0005,0.0005,0.0005
im,0.3608494614493,0.0005,0.63440377044607,0.0047467681046343
imo,0.0005,0.0005,1,0.0005
imobil,0.0005,0.88851727982163,0.11148272017837,0.0005
imp,0.0005,1,0.0005,0.0005
in,0.086423605934032,0.45768141210873,0.22913069065663,0.22676429130061
india,0.0005,0.061275237248921,0.6919411985449,0.24678356420618
info,0.0005,0.34347230058043,0.039177860223615,0.61734983919595
inform,0.0005,0.52995811022807,0.15958588011887,0.31045600965306
inr,0.0042246366700404,0.83146658541817,0.017596910395692,0.1467118675161
instal,0.0005,0.0005,1,0.0005
instant,0.0005,0.0005,0.84894574745321,0.15105425254679
instantli,0.0005,0.0005,1,0.0005
interest,0.0005,0.0005,0.92868487573541,0.071315124264591
internet,0.01290665514237,0.030604906006346,0.28416098424964,0.67232745460165
into,0.21646570198861,0.38497072188036,0.25761319741053,0.1409503787205
is,0.070309966351043,0.27428541590985,0.06073188041402,0.59467273732508
isnt,0.93076895003832,0.0005,0.06923104996168,0.0005
issu,0.0005,0.78748352291869,0.039522385090022,0.17299409199129
it,0.46916883741795,0.039035670376397,0.1273434667235,0.36445202548215
item,0.0005,0.35994435826498,0.11290600949341,0.52714963224162
iv,1,0.0005,0.0005,0.0005
jan,0.0062510109247004,0.50397212827666,0.11530840635159,0.37446845444705
jio,0.0005,0.0005,0.091156878832969,0.90884312116703
john,0.0005,1,0.0005,0.0005
journei,0.2476060966627,0.0005,0.0005,0.7523939033373
jul,0.0005,0.91614255765199,0.0005,0.083857442348008
jun,0.0005,1,0.0005,0.0005
just,0.35744496793332,0.0005,0.56497229703584,0.077582735030837
k,0.75043080978904,0.11605167767689,0.048536878994934,0.084980633539139
ka,0.12131417636188,0.0005,0.03609363120428,0.84259219243384
kai,1,0.0005,0.0005,0.0005
kannada,0.0005,0.0005,1,0.0005
karnataka,0.0005,0.61579149298056,0.30905470162136,0.075153805398085
karo,0.0005,0.88851727982163,0.11148272017837,0.0005
kb,0.0005,0.0005,0.078912203402073,0.92108779659793
keep,0.30105257978919,0.0005,0.071655802240915,0.6272916179699
kinda,1,0.0005,0.0005,0.0005
kitti,0.0005,0.84526112185687,0.0005,0.15473887814313
kkbk,0.0005,1,0.0005,0.0005
know,0.52929206793959,0.0005,0.40943763135064,0.061270300709773
koramangala,0.0005,0.84526112185687,0.0005,0.15473887814313
kvr,0.0005,1,0.0005,0.0005
kya,1,0.0005,0.0005,0.0005
l,0.024208926997084,0.0005,0.71306604718216,0.26272502582076
lab,1,0.0005,0.0005,0.0005
last,0.19376050034724,0.0005,0.32026668510273,0.48597281455003
later,1,0.0005,0.0005,0.0005
leav,0.97580634876098,0.0005,0.024193651239016,0.0005
left,0.4067017020292,0.0005,0.17600390755091,0.41729439041989
lenskart,0.0005,0.0005,0.85590743363365,0.14409256636635
let,0.7362568922696,0.0005,0.12169588427396,0.14204722345644
like,0.72849479241915,0.0005,0.17849439716093,0.093010810419917
limit,0.0005,0.2219104697094,0.72392374058274,0.054165789707863
link,0.06658634973316,0.052630960601585,0.26414534806316,0.61663734160209
littl,0.0005,0.0005,0.75919631392099,0.24080368607901
load,0.0005,0.42195929533116,0.42354759882676,0.15449310584207
loan,0.089962468606259,0.0005,0.91003753139374,0.0005
loc,0.0005,0.0005,1,0.0005
local,0.011223859625486,0.0005,0.88158699675666,0.10718914361786
login,0.043217263170387,0.0005,0.0005,0.95678273682961
look,0.50413000769909,0.0005,0.34997607550378,0.14589391679713
lot,0.77277363496198,0.0005,0.13138121397409,0.095845151063934
love,0.04938770371324,0.23422118486004,0.58775705109169,0.12863406033503
lunch,0.72533973152419,0.0005,0.27466026847581,0.0005
ly,0.0005,0.074970149830951,0.81523374973013,0.10979610043892
m,0.014085381502727,0.44533281184456,0.34084443566522,0.19973737098749
made,0.027815068701123,0.79147777989045,0.13240949893609,0.048297652472339
mai,0.2463462446266,0.33379916146904,0.083763905011051,0.33609068889331
main,0.35327494296356,0.0005,0.59560663088832,0.051118426148121
maintain,0.0005,0.91614255765199,0.0005,0.083857442348008
make,0.1646762574349,0.0005,0.67192871916974,0.16339502339536
man,1,0.0005,0.0005,0.0005
mar,0.0005,0.87225548902196,0.0005,0.12774451097804
martyr,0.0005,0.5772787318362,0.0005,0.4227212681638
mb,0.0053599922588202,0.012709881643727,0.73994794011161,0.24198218598584
me,0.72289226334615,0.055896465634551,0.02337786099312,0.19783341002618
meal,0.0005,0.0005,0.92095802444648,0.079041975553517
meet,0.97875628520555,0.0005,0.0005,0.02124371479445
might,1,0.0005,0.0005,0.0005
min,0.074754553788399,0.0005,0.82494340314432,0.10030204306728
mini,0.0005,0.0005,0.85349601341881,0.14650398658119
minut,0.047947325714364,0.0005,0.057061528783029,0.89499114550261
miss,0.021693345817352,0.0005,0.19104570258145,0.7872609516012
mob,0.028197768066049,0.0005,0.9228400662394,0.048962165694549
mobil,0.0094564233702569,0.35877670266755,0.18569057697662,0.44607629698558
mojo,0.0005,0.0005,1,0.0005
mom,1,0.0005,0.0005,0.0005
monei,0.012844037439027,0.30456423777294,0.35921001694675,0.32338170784129
month,0.0005,0.0005,0.65562850318662,0.34437149681338
more,0.049998533301325,0.13549602524659,0.68428042862927,0.13022501282281
movi,0.07629261833782,0.36181774246711,0.36317966621542,0.19870997297965
mrp,0.0005,0.090228230488986,0.24906161490059,0.66071015461042
msg,0.15403646270561,0.0005,0.7790969080604,0.06686662923399
msw,0.0005,1,0.0005,0.0005
much,0.68361487693884,0.0005,0.31638512306116,0.0005
mumbai,0.0005,0.92280972597453,0.077190274025473,0.0005
must,0.0005,0.74929489188342,0.25070510811658,0.0005
my,0.48480380810287,0.11892320999627,0.33821741027797,0.058055571622892
myairtel,0.0005,0.0005,1,0.0005
myvodafon,0.0005,0.0005,0.1340220639135,0.8659779360865
n,0.10327708864658,0.0005,0.79890724062528,0.097815670728139
na,0.59012585750554,0.0005,0.0005,0.40987414249446
name,0.07396623812835,0.03507848843237,0.01760526395602,0.87335000948326
near,0.80008035867294,0.0005,0.14648706113334,0.053432580193718
nearest,0.0005,0.09615375589868,0.86864120761668,0.035205036484642
need,0.23964312259577,0.071031719306903,0.48126886355994,0.20805629453738
neft,0.0005,1,0.0005,0.0005
net,0.097408403604947,0.61594580546195,0.17388683341147,0.11275895752164
netbank,0.0005,0.7319932998325,0.0005,0.2680067001675
network,0.044753597438301,0.10612196792557,0.26630355815702,0.58282087647911
new,0.036813410284952,0.15712883844875,0.5695454899857,0.2365122612806
next,0.21893808907277,0.0005,0.42805555495314,0.35300635597409
nf,0.0005,1,0.0005,0.0005
ni,1,0.0005,0.0005,0.0005
nkp,0.0005,1,0.0005,0.0005
nmc,0.0005,0.0005,1,0.0005
no,0.19060369222501,0.30786294556322,0.098623971455688,0.40290939075609
noida,0.0005,1,0.0005,0.0005
not,0.26726712799813,0.16212392906794,0.014794016568307,0.55581492636563
notic,0.13313023610053,0.0005,0.0005,0.86686976389947
nov,0.01968693458142,0.63021568895359,0.093716724971026,0.25638065149396
now,0.18522198178117,0.11799607816977,0.58397612923839,0.11280581081067
number,0.0715445780358,0.33930016133478,0.092239692541868,0.49691556808755
nz,0.0005,0.9409681227863,0.059031877213695,0.0005
o,0.28369805482445,0.0005,0.67525120451942,0.041050740656138
oct,0.0761358621256,0.57170101637355,0.12081115052469,0.23135197097617
of,0.060520136722838,0.3109348107754,0.2840957637944,0.34444928870736
off,0.020467712965798,0.016178021456716,0.93373775032492,0.02961651525257
offer,0.0022585329068463,0.053555461553592,0.89908666949443,0.04509933604513
oh,1,0.0005,0.0005,0.0005
ohh,1,0.0005,0.0005,0.0005
ohk,1,0.0005,0.0005,0.0005
ok,0.90296744965928,0.031487670073596,0.0079015483246164,0.057643331942511
okai,1,0.0005,0.0005,0.0005
ola,0.0005,0.21760595895533,0.60976993935623,0.17262410168844
on,0.045656924597983,0.41973113197151,0.25287022250379,0.28174172092672
onli,0.097397632797655,0.019246178064287,0.60853662135511,0.27481956778295
onlin,0.049802003425286,0.31491466832589,0.21731877989867,0.41796454835015
ooo,1,0.0005,0.0005,0.0005
open,0.069974141548206,0.0005,0.68702183736814,0.24300402108366
or,0.13285921592281,0.03259059473348,0.55612558139941,0.2784246079443
order,0.0005,0.024996347556806,0.5143539522354,0.4606497002078
orderid,0.0005,1,0.0005,0.0005
otp,0.0086933312256685,0.0005,0.002586456922066,0.98872021185227
our,0.04604184127958,0.0005,0.53423989074453,0.41971826797589
out,0.3661429337433,0.0005,0.18882164134345,0.44503542491325
over,0.73600778259465,0.0005,0.067377992644631,0.19661422476072
p,0.13000347564221,0.17709170263081,0.45756302180739,0.23534179991958
pack,0.015915413020931,0.018869711562941,0.094703696677245,0.87051117873888
packag,0.0005,0.0005,0.18597327432122,0.81402672567878
pai,0.035827240957745,0.29734370792369,0.30912233481939,0.35770671629917
paid,0.015462451787501,0.54998008201666,0.018401675684372,0.41615579051146
panda,0.0005,1,0.0005,0.0005
parti,0.11130471275379,0.0005,0.69542751599319,0.19326777125303
password,0.016033735160342,0.0005,0.0095407765367532,0.9744254883029
payment,0.010517662299526,0.81055021865191,0.087618593271899,0.091313525776663
paytm,0.002936396392308,0.79377401375968,0.0069891392173254,0.19630045063068
payust,0.0005,1,0.0005,0.0005
per,0.0005,0.0005,0.76689090377303,0.23310909622697
pesitbsc,0.14731992358692,0.0005,0.0005,0.85268007641308
phone,0.19196815750626,0.17507865134105,0.017573766759453,0.61537942439324
phonep,0.0005,0.9317697228145,0.0005,0.068230277185501
pick,0.8109360661958,0.0005,0.048254257138439,0.14080967666576
pickup,0.070261337866136,0.0005,0.16723432613809,0.76250433599577
pizza,0.0005,0.0005,0.98040481151617,0.019595188483832
place,0.44258131566043,0.0005,0.08778510621161,0.46963357812796
pleas,0.18774320147653,0.055648258312653,0.038402185786649,0.71820635442417
pm,0.045349124688923,0.0005,0.23611630596934,0.71853456934173
pnr,0.2990324214099,0.0005,0.0005,0.7009675785901
po,0.0005,0.99221910986617,0.0077808901338313,0.0005
pp,0.0005,0.0005,0.0005,1
practis,1,0.0005,0.0005,0.0005
price,0.0005,0.64779192630723,0.35220807369277,0.0005
process,0.046166006471703,0.0005,0.19229560851247,0.76153838501583
project,0.69337517295733,0.0005,0.20629433862924,0.10033048841343
pump,0.10152145700714,0.72219826478457,0.0005,0.17628027820829
purchas,0.0005,0.85048137626472,0.025713333925858,0.12380528980943
pvt,0.0005,0.7319932998325,0.0005,0.2680067001675
qualiti,0.0005,0.0005,0.0005,1
qulxql,0.0005,1,0.0005,0.0005
r,0.1539723169872,0.091276714163972,0.10307282653397,0.65167814231486
rajan,0.29662588060808,0.70337411939192,0.0005,0.0005
rate,0.0005,0.0005,0.67279072154367,0.32720927845633
rc,0.0005,0.0005,0.99130449804024,0.008695501959761
re,0.0005,0.0005,0.17415909453212,0.82584090546788
reach,0.57827486184921,0.0005,0.0005,0.42172513815079
realli,1,0.0005,0.0005,0.0005
reason,0.0005,0.0005,0.11387523235412,0.88612476764588
receiv,0.10867420423353,0.22088032010466,0.036951956521064,0.63349351914074
recharg,0.0005,0.1206968098425,0.70593829518922,0.17336489496828
ref,0.0005,0.66699042597475,0.0005,0.33300957402525
refer,0.0005,0.057574053928243,0.28895384656584,0.65347209950592
refund,0.0005,0.0005,0.0005,1
regist,0.051500312059532,0.0005,0.07661236823787,0.8718873197026
repli,0.30050317321054,0.0005,0.53643775368294,0.16305907310652
republ,0.0005,0.0005,1,0.0005
request,0.029820857145366,0.07071270750595,0.070978878299573,0.82848755704911
requir,0.0005,0.1538427220995,0.73350356835395,0.11265370954654
retail,0.0005,0.0005,1,0.0005
revers,0.0005,0.96467991169978,0.0005,0.035320088300221
revis,0.0005,0.0005,0.0005,1
rha,1,0.0005,0.0005,0.0005
ride,0.0005,0.2218558127358,0.53445816869855,0.24368601856564
right,0.812675634116,0.0005,0.16119256356316,0.026131802320842
road,0.6721580283205,0.0005,0.13332118148515,0.19452079019435
rs,0.0023353363478651,0.55653546464495,0.3022440209499,0.13888517805728
s,0.075442318700211,0.051112170919393,0.46174106727682,0.41170444310357
sai,0.7748585930177,0.0005,0.032933920750909,0.19220748623139
said,1,0.0005,0.0005,0.0005
sale,0.028187399878586,0.26735748784838,0.70445511227303,0.0005
same,0.23867082616196,0.0005,0.056807849087734,0.7045213247503
sandesh,0.0005,1,0.0005,0.0005
save,0.17065250686626,0.0005,0.71082015014965,0.11852734298409
saw,0.909774078478,0.0005,0.090225921521998,0.0005
sbg,0.0005,1,0.0005,0.0005
sbi,0.0053525828707978,0.99000034632558,0.0005,0.0046470708036171
seat,0.58444438357908,0.0005,0.07728223864837,0.33827337777255
sec,0.0005,0.0005,0.93503555926884,0.064964440731156
secur,0.08972506000247,0.0005,0.053390350948772,0.85688458904876
see,0.8520511620652,0.0005,0.0005,0.1479488379348
self,0.0005,0.82169019201687,0.10309789109371,0.075211916889416
send,0.21960774472464,0.0005,0.3173566122793,0.46303564299607
sent,0.38856101274827,0.0005,0.0005,0.61143898725173
sep,0.0005,0.40463166667118,0.10153868674308,0.49382964658573
servic,0.013243654599136,0.3768481916184,0.29946113093892,0.31044702284354
sg,0.0005,0.18989754586609,0.81010245413391,0.0005
share,0.035635104542774,0.0005,0.04240890421433,0.9219559912429
she,0.96029885731028,0.0005,0.0005,0.039701142689716
ship,0.0005,0.0005,0.046671081017579,0.95332891898242
shit,1,0.0005,0.0005,0.0005
shop,0.11293297352447,0.053558462693978,0.36288042477727,0.47062813900429
should,1,0.0005,0.0005,0.0005
sign,0.74625468164794,0.0005,0.25374531835206,0.0005
sim,0.10494321610797,0.0005,0.89505678389203,0.0005
sindhoor,0.13313023610053,0.0005,0.0005,0.86686976389947
singasandra,0.0005,0.92280972597453,0.077190274025473,0.0005
sir,1,0.0005,0.0005,0.0005
sm,0.026490178817929,0.0005,0.651529881115,0.32197994006708
so,0.89793057429588,0.0005,0.037104730836106,0.064964694868012
solut,0.0005,0.8694484475071,0.062337225130461,0.06821432736244
solutio,0.0005,1,0.0005,0.0005
some,0.78986262908141,0.0005,0.085455081976014,0.12468228894258
someth,0.90237249755545,0.0005,0.097627502444547,0.0005
song,0.0005,0.0005,1,0.0005
sorri,0.82166024254959,0.0005,0.0005,0.17833975745041
special,0.0005,0.0005,0.96393787541147,0.036062124588532
speed,0.03791819466503,0.0005,0.27075589189296,0.69132591344201
spend,0.0005,0.89620275062711,0.10379724937289,0.0005
st,0.023322268845094,0.0005,0.91593309408514,0.060744637069762
stall,0.0005,1,0.0005,0.0005
star,0.031747290376334,0.4516845738293,0.075564127784073,0.4410040080103
start,0.33055424766278,0.0005,0.38246112633435,0.28698462600288
std,0.0005,0.0005,0.98251790434201,0.017482095657991
still,0.87050310601406,0.0005,0.12949689398594,0.0005
stop,0.12181926643913,0.0005,0.3141138571367,0.56406687642417
store,0.0005,0.0005,0.67932844419247,0.32067155580753
student,0.0005,0.0005,0.0005,1
stv,0.0005,0.0005,0.80439317707694,0.19560682292306
subject,0.0005,0.98951325499094,0.0032888672089572,0.0071978778001068
subramaniam,0.0005,1,0.0005,0.0005
successfulli,0.0005,0.14663344984575,0.012265449589774,0.84110110056448
sunil,0.0005,0.0005,0.0005,1
super,0.12086230115498,0.0005,0.59931980680414,0.27981789204088
supernet,0.0005,0.0005,0.83714336798549,0.16285663201451
sure,0.94105583693254,0.0005,0.058944163067458,0.0005
swipe,0.0005,0.9409681227863,0.059031877213695,0.0005
t,0.0055757041637253,0.18509943897527,0.68346449953228,0.12586035732872
take,0.43498143537134,0.0005,0.068113962135924,0.49690460249273
talk,0.33314570538332,0.0005,0.64757199398778,0.019282300628899
talktim,0.052122187366725,0.030898684198336,0.7133447794848,0.20363434895013
tariff,0.0005,0.0005,0.96393787541147,0.036062124588532
tca,0.0005,0.0005,1,0.0005
team,0.0005,0.0005,0.12055172413793,0.87944827586207
technic,0.0005,0.92475899365154,0.0005,0.07524100634846
telephon,0.0005,1,0.0005,0.0005
tell,1,0.0005,0.0005,0.0005
text,0.1730257125814,0.0005,0.8038635831928,0.0231107042258
th,0.11388316174152,0.067511361819897,0.55906522962525,0.25954024681333
tha,1,0.0005,0.0005,0.0005
thank,0.089226831412818,0.52139141268384,0.0075848404369115,0.38179691546643
thankyou,0.0005,0.0005,0.0005,1
that,0.86214180997608,0.031943027607903,0.024047448638321,0.081867713777692
the,0.21621434782487,0.041346634861268,0.24590094007831,0.49653807723555
thei,0.68199534368295,0.0005,0.081163435819734,0.23684122049731
them,0.48263560156853,0.0005,0.19145958514753,0.32590481328393
then,0.91729808438473,0.0005,0.082701915615273,0.0005
there,0.79515323510742,0.0005,0.032260301849238,0.17258646304334
thi,0.18801355131095,0.035666170683688,0.21480253360314,0.56151774440222
thing,0.92011622520739,0.0005,0.0005,0.079883774792605
think,1,0.0005,0.0005,0.0005
though,1,0.0005,0.0005,0.0005
thought,1,0.0005,0.0005,0.0005
through,0.15393922217765,0.36502838058876,0.21373472723725,0.26729766999634
ticket,0.12108181135512,0.43067286776376,0.054036746268979,0.39420857461214
till,0.037869313373469,0.0005,0.51827980294788,0.44385088367865
time,0.1935841993036,0.0005,0.27731190686289,0.52910389383352
tm,0.0005,0.57266991872533,0.0079836877000603,0.41934639357461
tnc,0.0005,0.0005,0.92868487573541,0.071315124264591
to,0.14378860709134,0.2254426605596,0.24125265789843,0.38951607445062
todai,0.12522785080011,0.12991411177927,0.56818503807387,0.17667299934676
tollfre,0.0005,0.0005,0.88594461802657,0.11405538197343
tomorrow,0.7989294466073,0.0005,0.16638933691183,0.034681216480871
too,0.83448215687985,0.0005,0.16551784312015,0.0005
top,0.094047692083694,0.0005,0.78347509609747,0.12247721181883
topup,0.0005,0.0005,1,0.0005
total,0.060496842431682,0.86071882569676,0.0005,0.078784331871557
tpt,0.0005,0.19890760127447,0.0005,0.80109239872553
track,0.0005,0.037362171017732,0.018751403271133,0.94388642571113
transact,0.017779113772878,0.44266659710635,0.068765797483211,0.47078849163757
transfer,0.17181317119639,0.67901997033241,0.0005,0.14916685847119
transid,0.0005,0.0005,0.0005,1
treat,0.11885412338639,0.0005,0.77795765141271,0.1031882252009
trf,0.0005,1,0.0005,0.0005
trip,0.1335592200323,0.10556743350053,0.026491200376544,0.73438214609063
try,0.49356068209056,0.0005,0.2386233528277,0.26781596508175
tt,0.0005,0.0005,1,0.0005
tu,0.8012467913458,0.0005,0.0005,0.1987532086542
txn,0.0031649189376537,0.78800547324568,0.0005,0.20882960781666
txnid,0.0005,0.87927565392354,0.0005,0.12072434607646
u,0.41979991364827,0.0005,0.13818689327638,0.44201319307535
ubi,0.0005,1,0.0005,0.0005
um,1,0.0005,0.0005,0.0005
unlimit,0.0005,0.0005,0.97958216449551,0.02041783550449
uo,0.0005,1,0.0005,0.0005
up,0.3629559693942,0.0005,0.39195415938355,0.24508987122225
updat,0.0005,0.72209633674329,0.049987199359203,0.22791646389751
upto,0.015803856150532,0.037474893896948,0.8369549703459,0.10976627960662
ur,0.20527718717875,0.0005,0.54967023474008,0.24505257808117
urukrupa,0.0005,1,0.0005,0.0005
us,0.013209482878949,0.57425474840631,0.22139626435649,0.19113950435825
usag,0.011674963725642,0.0005,0.18757213521445,0.80075290105991
v,0.13869681525449,0.0005,0.37964120115235,0.48166198359316
val,0.0005,0.38799638361499,0.61200361638501,0.0005
valid,0.0059943744005576,0.0005,0.63491104966709,0.35909457593235
valu,0.0005,0.0005,0.87267353622494,0.12732646377506
vector,0.0005,1,0.0005,0.0005
verif,0.0005,0.0005,0.0005,1
verifi,0.0005,0.0005,0.0005,1
via,0.074808666580787,0.67999519408048,0.12612425180697,0.11907188753175
video,0.0084390464910875,0.0005,0.98423423900384,0.0073267145050769
visit,0.032910338476024,0.37068354052854,0.30353799792339,0.29286812307205
vodafon,0.0005,0.0005,0.47508121903491,0.52491878096509
wa,0.20646248637039,0.43892856692933,0.00847270662927,0.34613624007101
wai,0.49054988838748,0.1057469475308,0.13268123905998,0.27102192502174
wait,0.80320118562431,0.0005,0.19679881437569,0.0005
walk,0.0005,0.0005,0.91643074342036,0.083569256579637
wallet,0.0005,0.59717814555584,0.03043960120854,0.37238225323562
wanna,1,0.0005,0.0005,0.0005
want,0.92494757803948,0.0005,0.075052421960515,0.0005
wdl,0.0005,1,0.0005,0.0005
we,0.22173679608821,0.39010476411792,0.11491821102159,0.27324022877228
weekend,0.0005,0.0005,1,0.0005
weep,1,0.0005,0.0005,0.0005
welcom,0.040351182695703,0.0005,0.50422523997764,0.45542357732665
well,0.63079763992006,0.0005,0.15014091881159,0.21906144126835
went,1,0.0005,0.0005,0.0005
were,0.86547973390226,0.0005,0.034333229929163,0.10018703616858
what,0.91462838369974,0.0005,0.085371616300263,0.0005
whatsapp,0.37073241763543,0.0005,0.03151458129837,0.5977530010662
when,0.85719593640407,0.0005,0.11954747476071,0.023256588835219
where,0.96302936992068,0.0005,0.03697063007932,0.0005
who,0.72891480179485,0.0005,0.27108519820515,0.0005
why,0.6404717543671,0.0005,0.20787753816033,0.15165070747257
will,0.10952848068575,0.14841109132919,0.090002543884284,0.65205788410078
win,0.0005,0.15967020924961,0.80135613174209,0.038973659008296
winner,0.0005,0.0005,0.048316122327134,0.95168387767287
with,0.050024846644056,0.079080945069811,0.43658238181577,0.43431182647036
withdrawn,0.0005,0.97665869171967,0.023341308280329,0.0005
within,0.030455231784806,0.43330181021832,0.27183300515579,0.26440995284108
work,0.42358423492945,0.0005,0.34657042935511,0.22984533571544
worth,0.0042813371811,0.92384299195218,0.045856505453526,0.026019165413193
wow,0.72331253545094,0.0005,0.27668746454906,0.0005
www,0.0005,0.22395380434491,0.39339438655317,0.38265180910191
xx,0.0005,0.93576017130621,0.0005,0.06423982869379
xxxx,0.041133709027484,0.78030646025138,0.0005,0.17855983072114
xxxxx,0.0005,1,0.0005,0.0005
xxxxxx,0.0005,1,0.0005,0.0005
xxxxxxx,0.0005,1,0.0005,0.0005
xxxxxxxx,0.0005,0.80380134886573,0.0005,0.19619865113427
xxxxxxxxxx,0.0005,0.99739158787088,0.0005,0.0026084121291164
y,0.045587817959172,0.47564049867702,0.043402805856236,0.43536887750757
ya,1,0.0005,0.0005,0.0005
ydai,0.0005,1,0.0005,0.0005
ye,0.75759753427386,0.0005,0.045080380254627,0.19732208547151
yeah,1,0.0005,0.0005,0.0005
year,0.099139457199101,0.32911821303672,0.55452790868348,0.017214421080704
yo,1,0.0005,0.0005,0.0005
you,0.2351513844668,0.42321645326607,0.086069221082018,0.2555629411851
your,0.045113031189789,0.34847680560438,0.098428860501602,0.50798130270423
zoppmo,0.0005,0.0005,1,0.0005
